{"weightsManifest": [{"weights": [{"name": "reduce/Variable_3", "shape": [10], "dtype": "float32"}, {"name": "reduce/Variable_2", "shape": [1024, 10], "dtype": "float32"}, {"name": "reduce/Variable_1", "shape": [1024], "dtype": "float32"}, {"name": "reduce/Variable", "shape": [3136, 1024], "dtype": "float32"}, {"name": "reduce/Reshape/shape", "shape": [2], "dtype": "int32"}, {"name": "hidden2/Variable_1", "shape": [64], "dtype": "float32"}, {"name": "hidden2/Variable", "shape": [5, 5, 32, 64], "dtype": "float32"}, {"name": "hidden1/Variable_1", "shape": [32], "dtype": "float32"}, {"name": "hidden1/Variable", "shape": [5, 5, 1, 32], "dtype": "float32"}, {"name": "Reshape/shape", "shape": [4], "dtype": "int32"}], "paths": ["group1-shard1of4", "group1-shard2of4", "group1-shard3of4", "group1-shard4of4"]}], "modelTopology": {"node": [{"name": "x", "op": "Placeholder", "attr": {"dtype": {"type": "DT_FLOAT"}, "shape": {"shape": {"dim": [{"size": "-1"}, {"size": "784"}]}}}}, {"name": "reduce/Variable_3", "op": "Const", "attr": {"dtype": {"type": "DT_FLOAT"}, "value": {"tensor": {"dtype": "DT_FLOAT", "tensorShape": {"dim": [{"size": "10"}]}}}}}, {"name": "reduce/Variable_2", "op": "Const", "attr": {"dtype": {"type": "DT_FLOAT"}, "value": {"tensor": {"dtype": "DT_FLOAT", "tensorShape": {"dim": [{"size": "1024"}, {"size": "10"}]}}}}}, {"name": "reduce/Variable_1", "op": "Const", "attr": {"dtype": {"type": "DT_FLOAT"}, "value": {"tensor": {"dtype": "DT_FLOAT", "tensorShape": {"dim": [{"size": "1024"}]}}}}}, {"name": "reduce/Variable", "op": "Const", "attr": {"dtype": {"type": "DT_FLOAT"}, "value": {"tensor": {"dtype": "DT_FLOAT", "tensorShape": {"dim": [{"size": "3136"}, {"size": "1024"}]}}}}}, {"name": "reduce/Reshape/shape", "op": "Const", "attr": {"dtype": {"type": "DT_INT32"}, "value": {"tensor": {"dtype": "DT_INT32", "tensorShape": {"dim": [{"size": "2"}]}}}}}, {"name": "hidden2/Variable_1", "op": "Const", "attr": {"dtype": {"type": "DT_FLOAT"}, "value": {"tensor": {"dtype": "DT_FLOAT", "tensorShape": {"dim": [{"size": "64"}]}}}}}, {"name": "hidden2/Variable", "op": "Const", "attr": {"dtype": {"type": "DT_FLOAT"}, "value": {"tensor": {"dtype": "DT_FLOAT", "tensorShape": {"dim": [{"size": "5"}, {"size": "5"}, {"size": "32"}, {"size": "64"}]}}}}}, {"name": "hidden1/Variable_1", "op": "Const", "attr": {"dtype": {"type": "DT_FLOAT"}, "value": {"tensor": {"dtype": "DT_FLOAT", "tensorShape": {"dim": [{"size": "32"}]}}}}}, {"name": "hidden1/Variable", "op": "Const", "attr": {"dtype": {"type": "DT_FLOAT"}, "value": {"tensor": {"dtype": "DT_FLOAT", "tensorShape": {"dim": [{"size": "5"}, {"size": "5"}, {"size": "1"}, {"size": "32"}]}}}}}, {"name": "Reshape/shape", "op": "Const", "attr": {"dtype": {"type": "DT_INT32"}, "value": {"tensor": {"dtype": "DT_INT32", "tensorShape": {"dim": [{"size": "4"}]}}}}}, {"name": "Reshape", "op": "Reshape", "attr": {"T": {"type": "DT_FLOAT"}, "Tshape": {"type": "DT_INT32"}}, "input": ["x", "Reshape/shape"]}, {"name": "hidden1/Conv2D", "op": "Conv2D", "attr": {"dilations": {"list": {"i": ["1", "1", "1", "1"]}}, "data_format": {"s": "TkhXQw=="}, "strides": {"list": {"i": ["1", "1", "1", "1"]}}, "use_cudnn_on_gpu": {"b": true}, "T": {"type": "DT_FLOAT"}, "padding": {"s": "U0FNRQ=="}}, "input": ["Reshape", "hidden1/Variable"]}, {"name": "hidden1/add", "op": "Add", "attr": {"T": {"type": "DT_FLOAT"}}, "input": ["hidden1/Conv2D", "hidden1/Variable_1"]}, {"name": "hidden1/Relu", "op": "Relu", "attr": {"T": {"type": "DT_FLOAT"}}, "input": ["hidden1/add"]}, {"name": "hidden1/MaxPool", "op": "MaxPool", "attr": {"T": {"type": "DT_FLOAT"}, "padding": {"s": "U0FNRQ=="}, "data_format": {"s": "TkhXQw=="}, "ksize": {"list": {"i": ["1", "2", "2", "1"]}}, "strides": {"list": {"i": ["1", "2", "2", "1"]}}}, "input": ["hidden1/Relu"]}, {"name": "hidden2/Conv2D", "op": "Conv2D", "attr": {"dilations": {"list": {"i": ["1", "1", "1", "1"]}}, "data_format": {"s": "TkhXQw=="}, "strides": {"list": {"i": ["1", "1", "1", "1"]}}, "use_cudnn_on_gpu": {"b": true}, "T": {"type": "DT_FLOAT"}, "padding": {"s": "U0FNRQ=="}}, "input": ["hidden1/MaxPool", "hidden2/Variable"]}, {"name": "hidden2/add", "op": "Add", "attr": {"T": {"type": "DT_FLOAT"}}, "input": ["hidden2/Conv2D", "hidden2/Variable_1"]}, {"name": "hidden2/Relu", "op": "Relu", "attr": {"T": {"type": "DT_FLOAT"}}, "input": ["hidden2/add"]}, {"name": "hidden2/MaxPool", "op": "MaxPool", "attr": {"T": {"type": "DT_FLOAT"}, "padding": {"s": "U0FNRQ=="}, "data_format": {"s": "TkhXQw=="}, "ksize": {"list": {"i": ["1", "2", "2", "1"]}}, "strides": {"list": {"i": ["1", "2", "2", "1"]}}}, "input": ["hidden2/Relu"]}, {"name": "reduce/Reshape", "op": "Reshape", "attr": {"T": {"type": "DT_FLOAT"}, "Tshape": {"type": "DT_INT32"}}, "input": ["hidden2/MaxPool", "reduce/Reshape/shape"]}, {"name": "reduce/MatMul", "op": "MatMul", "attr": {"T": {"type": "DT_FLOAT"}, "transpose_b": {"b": false}, "transpose_a": {"b": false}}, "input": ["reduce/Reshape", "reduce/Variable"]}, {"name": "reduce/add", "op": "Add", "attr": {"T": {"type": "DT_FLOAT"}}, "input": ["reduce/MatMul", "reduce/Variable_1"]}, {"name": "reduce/Relu", "op": "Relu", "attr": {"T": {"type": "DT_FLOAT"}}, "input": ["reduce/add"]}, {"name": "reduce/MatMul_1", "op": "MatMul", "attr": {"T": {"type": "DT_FLOAT"}, "transpose_b": {"b": false}, "transpose_a": {"b": false}}, "input": ["reduce/Relu", "reduce/Variable_2"]}, {"name": "reduce/add_1", "op": "Add", "attr": {"T": {"type": "DT_FLOAT"}}, "input": ["reduce/MatMul_1", "reduce/Variable_3"]}, {"name": "reduce/out", "op": "Softmax", "attr": {"T": {"type": "DT_FLOAT"}}, "input": ["reduce/add_1"]}], "library": {}, "versions": {}}}